{
    "Accuracy": 0.8139410298049853,
    "F1_score": 0.3734859956479326,
    "Precision": 0.49019567436018213
}